{
    "precision": 0.744681,
    "recall (with unclassified)": 0.015752,
    "recall (without unclassified)": 0.972222,
    "accuracy": 0.024834,
    "specificity (with unclassified)": 0.636364,
    "NPV": 0.954545,
    "F1": 0.843373,
    "TP": 35.0,
    "FP": 12.0,
    "TN": 21.0,
    "FN": 1.0,
    "unclassified": 2186.0,
    "total": 2255.0
}