{
    "precision": 0.76,
    "recall (with unclassified)": 0.005485,
    "recall (without unclassified)": 0.57,
    "accuracy": 0.068053,
    "specificity (with unclassified)": 0.974895,
    "NPV": 0.942049,
    "F1": 0.651429,
    "TP": 57.0,
    "FP": 18.0,
    "TN": 699.0,
    "FN": 43.0,
    "unclassified": 10292.0,
    "total": 11109.0
}