{
    "precision": 1.0,
    "recall (with unclassified)": 0.000375,
    "recall (without unclassified)": 0.000707,
    "accuracy": 0.604513,
    "specificity (with unclassified)": 1.0,
    "NPV": 0.742206,
    "F1": 0.001412,
    "TP": 1.0,
    "FP": 0.0,
    "TN": 4071.0,
    "FN": 1414.0,
    "unclassified": 1250.0,
    "total": 6736.0
}