{
    "precision": 1.0,
    "recall (with unclassified)": 0.000765,
    "recall (without unclassified)": 0.001287,
    "accuracy": 0.612084,
    "specificity (with unclassified)": 1.0,
    "NPV": 0.726423,
    "F1": 0.002571,
    "TP": 2.0,
    "FP": 0.0,
    "TN": 4121.0,
    "FN": 1552.0,
    "unclassified": 1061.0,
    "total": 6736.0
}