{
    "precision": 1.0,
    "recall (with unclassified)": 0.000685,
    "recall (without unclassified)": 0.000956,
    "accuracy": 0.606265,
    "specificity (with unclassified)": 1.0,
    "NPV": 0.682205,
    "F1": 0.00191,
    "TP": 3.0,
    "FP": 0.0,
    "TN": 6732.0,
    "FN": 3136.0,
    "unclassified": 1238.0,
    "total": 11109.0
}