{
    "precision": 0.625,
    "recall (with unclassified)": 0.014514,
    "recall (without unclassified)": 0.645161,
    "accuracy": 0.392461,
    "specificity (with unclassified)": 0.986317,
    "NPV": 0.987443,
    "F1": 0.634921,
    "TP": 20.0,
    "FP": 12.0,
    "TN": 865.0,
    "FN": 11.0,
    "unclassified": 1347.0,
    "total": 2255.0
}