{
    "precision": 0.511111,
    "recall (with unclassified)": 0.005842,
    "recall (without unclassified)": 0.884615,
    "accuracy": 0.415677,
    "specificity (with unclassified)": 0.99214,
    "NPV": 0.998921,
    "F1": 0.647887,
    "TP": 23.0,
    "FP": 22.0,
    "TN": 2777.0,
    "FN": 3.0,
    "unclassified": 3911.0,
    "total": 6736.0
}