{
    "precision": 0.636364,
    "recall (with unclassified)": 0.015273,
    "recall (without unclassified)": 0.552632,
    "accuracy": 0.394235,
    "specificity (with unclassified)": 0.986364,
    "NPV": 0.980791,
    "F1": 0.591549,
    "TP": 21.0,
    "FP": 12.0,
    "TN": 868.0,
    "FN": 17.0,
    "unclassified": 1337.0,
    "total": 2255.0
}