{
    "precision": 0.428571,
    "recall (with unclassified)": 0.001534,
    "recall (without unclassified)": 0.169811,
    "accuracy": 0.47151,
    "specificity (with unclassified)": 0.99771,
    "NPV": 0.991656,
    "F1": 0.243243,
    "TP": 9.0,
    "FP": 12.0,
    "TN": 5229.0,
    "FN": 44.0,
    "unclassified": 5815.0,
    "total": 11109.0
}