{
    "precision": 0.4375,
    "recall (with unclassified)": 0.011647,
    "recall (without unclassified)": 0.636364,
    "accuracy": 0.42735,
    "specificity (with unclassified)": 0.980088,
    "NPV": 0.991051,
    "F1": 0.518519,
    "TP": 7.0,
    "FP": 9.0,
    "TN": 443.0,
    "FN": 4.0,
    "unclassified": 590.0,
    "total": 1053.0
}