{
    "precision": 0.576923,
    "recall (with unclassified)": 0.010846,
    "recall (without unclassified)": 0.9375,
    "accuracy": 0.38847,
    "specificity (with unclassified)": 0.987385,
    "NPV": 0.99884,
    "F1": 0.714286,
    "TP": 15.0,
    "FP": 11.0,
    "TN": 861.0,
    "FN": 1.0,
    "unclassified": 1367.0,
    "total": 2255.0
}