{
    "precision": 0.818182,
    "recall (with unclassified)": 0.011103,
    "recall (without unclassified)": 0.957447,
    "accuracy": 0.015437,
    "specificity (with unclassified)": 0.642857,
    "NPV": 0.9,
    "F1": 0.882353,
    "TP": 45.0,
    "FP": 10.0,
    "TN": 18.0,
    "FN": 2.0,
    "unclassified": 4006.0,
    "total": 4081.0
}