{
    "precision": 0.708333,
    "recall (with unclassified)": 0.003068,
    "recall (without unclassified)": 0.971429,
    "accuracy": 0.004141,
    "specificity (with unclassified)": 0.461538,
    "NPV": 0.923077,
    "F1": 0.819277,
    "TP": 34.0,
    "FP": 14.0,
    "TN": 12.0,
    "FN": 1.0,
    "unclassified": 11048.0,
    "total": 11109.0
}