{
    "precision": 0.809524,
    "recall (with unclassified)": 0.012605,
    "recall (without unclassified)": 0.962264,
    "accuracy": 0.018133,
    "specificity (with unclassified)": 0.657143,
    "NPV": 0.92,
    "F1": 0.87931,
    "TP": 51.0,
    "FP": 12.0,
    "TN": 23.0,
    "FN": 2.0,
    "unclassified": 3993.0,
    "total": 4081.0
}