{
    "threshold": 0.5,
    "alpha": 1,
    "beta": 1,
    "actual_coverage": 0.111888,
    "goods": [
        "3075989",
        "1130830",
        "2893301",
        "142295",
        "2765034",
        "665752",
        "94667",
        "1043210",
        "276594",
        "892666",
        "1042481",
        "1806056",
        "288500",
        "603788",
        "675877",
        "3077650",
        "799272",
        "152123",
        "2072114",
        "1745854",
        "2117214",
        "388473"
    ],
    "adopters": 90,
    "adoptions": [
        0.333333,
        0.166667,
        1,
        0.058824,
        0.5,
        0.166667,
        0.001838,
        0.5,
        0.021583,
        0.5,
        0.058824,
        0.5,
        0.333333,
        0.034483,
        0.5,
        0.5,
        0.25,
        0.166667,
        0.142857,
        0.125,
        0.5,
        0.2
    ]
}