{
    "threshold": 1.0,
    "alpha": 1,
    "beta": 1,
    "actual_coverage": 0.111888,
    "goods": [
        "3075989",
        "1130830",
        "2893301",
        "142295",
        "2765034",
        "665752",
        "1043210",
        "276594",
        "892666",
        "1042481",
        "1806056",
        "288500",
        "603788",
        "675877",
        "3077650",
        "799272",
        "152123",
        "1745854",
        "2117214"
    ],
    "adopters": 90,
    "adoptions": [
        0.333333,
        0.166667,
        1,
        0.066667,
        1,
        0.5,
        0.5,
        0.019802,
        0.5,
        0.166667,
        0.5,
        0.333333,
        0.045455,
        1,
        0.5,
        0.333333,
        0.25,
        0.166667,
        1
    ]
}