{
    "threshold": 1.0,
    "alpha": 1,
    "beta": 1,
    "actual_coverage": 0.111888,
    "goods": [
        "3075989",
        "1130830",
        "2893301",
        "2765034",
        "1043210",
        "892666",
        "288500",
        "675877",
        "3077650",
        "799272",
        "1745854"
    ],
    "adopters": 90,
    "adoptions": [
        0.333333,
        0.166667,
        1,
        1,
        0.5,
        0.5,
        1,
        1,
        0.5,
        0.5,
        0.5
    ]
}