{
    "precision": 1.0,
    "recall (with unclassified)": 0.002921,
    "recall (without unclassified)": 0.010212,
    "accuracy": 0.569808,
    "specificity (with unclassified)": 1.0,
    "NPV": 0.823146,
    "F1": 0.020217,
    "TP": 14.0,
    "FP": 0.0,
    "TN": 6316.0,
    "FN": 1357.0,
    "unclassified": 3422.0,
    "total": 11109.0
}