{
    "precision": 0.8,
    "recall (with unclassified)": 0.001979,
    "recall (without unclassified)": 0.024096,
    "accuracy": 0.505513,
    "specificity (with unclassified)": 0.999515,
    "NPV": 0.92706,
    "F1": 0.046784,
    "TP": 4.0,
    "FP": 1.0,
    "TN": 2059.0,
    "FN": 162.0,
    "unclassified": 1855.0,
    "total": 4081.0
}