{
    "precision": 1.0,
    "recall (with unclassified)": 0.001863,
    "recall (without unclassified)": 0.007951,
    "accuracy": 0.566028,
    "specificity (with unclassified)": 1.0,
    "NPV": 0.848284,
    "F1": 0.015776,
    "TP": 9.0,
    "FP": 0.0,
    "TN": 6279.0,
    "FN": 1123.0,
    "unclassified": 3698.0,
    "total": 11109.0
}