{
    "precision": 0.5,
    "recall (with unclassified)": 0.000876,
    "recall (without unclassified)": 0.0125,
    "accuracy": 0.494013,
    "specificity (with unclassified)": 0.999102,
    "NPV": 0.933725,
    "F1": 0.02439,
    "TP": 1.0,
    "FP": 1.0,
    "TN": 1113.0,
    "FN": 79.0,
    "unclassified": 1061.0,
    "total": 2255.0
}