{
    "precision": 0.9,
    "recall (with unclassified)": 0.004557,
    "recall (without unclassified)": 0.025424,
    "accuracy": 0.51801,
    "specificity (with unclassified)": 0.999525,
    "NPV": 0.859184,
    "F1": 0.049451,
    "TP": 9.0,
    "FP": 1.0,
    "TN": 2105.0,
    "FN": 345.0,
    "unclassified": 1621.0,
    "total": 4081.0
}