{
    "precision": 0.666667,
    "recall (with unclassified)": 0.001754,
    "recall (without unclassified)": 0.021978,
    "accuracy": 0.4949,
    "specificity (with unclassified)": 0.999103,
    "NPV": 0.926018,
    "F1": 0.042553,
    "TP": 2.0,
    "FP": 1.0,
    "TN": 1114.0,
    "FN": 89.0,
    "unclassified": 1049.0,
    "total": 2255.0
}