{
    "precision": 0.666667,
    "recall (with unclassified)": 0.00175,
    "recall (without unclassified)": 0.026316,
    "accuracy": 0.49357,
    "specificity (with unclassified)": 0.999101,
    "NPV": 0.937553,
    "F1": 0.050633,
    "TP": 2.0,
    "FP": 1.0,
    "TN": 1111.0,
    "FN": 74.0,
    "unclassified": 1067.0,
    "total": 2255.0
}