{
    "precision": 0.857143,
    "recall (with unclassified)": 0.006163,
    "recall (without unclassified)": 0.024145,
    "accuracy": 0.525361,
    "specificity (with unclassified)": 0.999063,
    "NPV": 0.814673,
    "F1": 0.046967,
    "TP": 12.0,
    "FP": 2.0,
    "TN": 2132.0,
    "FN": 485.0,
    "unclassified": 1450.0,
    "total": 4081.0
}