{
    "precision": 0.666667,
    "recall (with unclassified)": 0.001802,
    "recall (without unclassified)": 0.009709,
    "accuracy": 0.508204,
    "specificity (with unclassified)": 0.999127,
    "NPV": 0.848665,
    "F1": 0.019139,
    "TP": 2.0,
    "FP": 1.0,
    "TN": 1144.0,
    "FN": 204.0,
    "unclassified": 904.0,
    "total": 2255.0
}