{
    "precision": 1.0,
    "recall (with unclassified)": 0.001852,
    "recall (without unclassified)": 0.009137,
    "accuracy": 0.563417,
    "specificity (with unclassified)": 1.0,
    "NPV": 0.864932,
    "F1": 0.018109,
    "TP": 9.0,
    "FP": 0.0,
    "TN": 6250.0,
    "FN": 976.0,
    "unclassified": 3874.0,
    "total": 11109.0
}