{
    "precision": 1.0,
    "recall (with unclassified)": 0.001432,
    "recall (without unclassified)": 0.008083,
    "accuracy": 0.560627,
    "specificity (with unclassified)": 1.0,
    "NPV": 0.878672,
    "F1": 0.016037,
    "TP": 7.0,
    "FP": 0.0,
    "TN": 6221.0,
    "FN": 859.0,
    "unclassified": 4022.0,
    "total": 11109.0
}