{
    "precision": 0.666667,
    "recall (with unclassified)": 0.00175,
    "recall (without unclassified)": 0.027027,
    "accuracy": 0.49357,
    "specificity (with unclassified)": 0.999101,
    "NPV": 0.939138,
    "F1": 0.051948,
    "TP": 2.0,
    "FP": 1.0,
    "TN": 1111.0,
    "FN": 72.0,
    "unclassified": 1069.0,
    "total": 2255.0
}