{
    "precision": 1.0,
    "recall (with unclassified)": 0.000203,
    "recall (without unclassified)": 0.001506,
    "accuracy": 0.556036,
    "specificity (with unclassified)": 1.0,
    "NPV": 0.903056,
    "F1": 0.003008,
    "TP": 1.0,
    "FP": 0.0,
    "TN": 6176.0,
    "FN": 663.0,
    "unclassified": 4269.0,
    "total": 11109.0
}