{
    "precision": 0.666667,
    "recall (with unclassified)": 0.000912,
    "recall (without unclassified)": 0.125,
    "accuracy": 0.027938,
    "specificity (with unclassified)": 0.983871,
    "NPV": 0.813333,
    "F1": 0.210526,
    "TP": 2.0,
    "FP": 1.0,
    "TN": 61.0,
    "FN": 14.0,
    "unclassified": 2177.0,
    "total": 2255.0
}