{
    "precision": 0.958333,
    "recall (with unclassified)": 0.003633,
    "recall (without unclassified)": 0.198276,
    "accuracy": 0.063391,
    "specificity (with unclassified)": 0.997531,
    "NPV": 0.812877,
    "F1": 0.328571,
    "TP": 23.0,
    "FP": 1.0,
    "TN": 404.0,
    "FN": 93.0,
    "unclassified": 6215.0,
    "total": 6736.0
}