{
    "precision": 0.888889,
    "recall (with unclassified)": 0.00201,
    "recall (without unclassified)": 0.275862,
    "accuracy": 0.026464,
    "specificity (with unclassified)": 0.990099,
    "NPV": 0.826446,
    "F1": 0.421053,
    "TP": 8.0,
    "FP": 1.0,
    "TN": 100.0,
    "FN": 21.0,
    "unclassified": 3951.0,
    "total": 4081.0
}