{
    "precision": 0.666667,
    "recall (with unclassified)": 0.000984,
    "recall (without unclassified)": 0.444444,
    "accuracy": 0.004411,
    "specificity (with unclassified)": 0.875,
    "NPV": 0.736842,
    "F1": 0.533333,
    "TP": 4.0,
    "FP": 2.0,
    "TN": 14.0,
    "FN": 5.0,
    "unclassified": 4056.0,
    "total": 4081.0
}