{
    "precision": 0.666667,
    "recall (with unclassified)": 0.000984,
    "recall (without unclassified)": 0.444444,
    "accuracy": 0.004166,
    "specificity (with unclassified)": 0.866667,
    "NPV": 0.722222,
    "F1": 0.533333,
    "TP": 4.0,
    "FP": 2.0,
    "TN": 13.0,
    "FN": 5.0,
    "unclassified": 4057.0,
    "total": 4081.0
}