{
    "precision": 0.769231,
    "recall (with unclassified)": 0.002548,
    "recall (without unclassified)": 0.212766,
    "accuracy": 0.040186,
    "specificity (with unclassified)": 0.980892,
    "NPV": 0.806283,
    "F1": 0.333333,
    "TP": 10.0,
    "FP": 3.0,
    "TN": 154.0,
    "FN": 37.0,
    "unclassified": 3877.0,
    "total": 4081.0
}