{
    "precision": 0.857143,
    "recall (with unclassified)": 0.001493,
    "recall (without unclassified)": 0.428571,
    "accuracy": 0.016173,
    "specificity (with unclassified)": 0.983607,
    "NPV": 0.882353,
    "F1": 0.571429,
    "TP": 6.0,
    "FP": 1.0,
    "TN": 60.0,
    "FN": 8.0,
    "unclassified": 4006.0,
    "total": 4081.0
}