{
    "precision": 0.666667,
    "recall (with unclassified)": 0.000909,
    "recall (without unclassified)": 0.333333,
    "accuracy": 0.024834,
    "specificity (with unclassified)": 0.981818,
    "NPV": 0.931034,
    "F1": 0.444444,
    "TP": 2.0,
    "FP": 1.0,
    "TN": 54.0,
    "FN": 4.0,
    "unclassified": 2194.0,
    "total": 2255.0
}