{
    "precision": 0.660377,
    "recall (with unclassified)": 0.005219,
    "recall (without unclassified)": 0.972222,
    "accuracy": 0.006977,
    "specificity (with unclassified)": 0.4,
    "NPV": 0.923077,
    "F1": 0.786517,
    "TP": 35.0,
    "FP": 18.0,
    "TN": 12.0,
    "FN": 1.0,
    "unclassified": 6670.0,
    "total": 6736.0
}