{
    "precision": 0.666667,
    "recall (with unclassified)": 0.000889,
    "recall (without unclassified)": 0.666667,
    "accuracy": 0.003104,
    "specificity (with unclassified)": 0.833333,
    "NPV": 0.833333,
    "F1": 0.666667,
    "TP": 2.0,
    "FP": 1.0,
    "TN": 5.0,
    "FN": 1.0,
    "unclassified": 2246.0,
    "total": 2255.0
}