{
    "precision": 0.857143,
    "recall (with unclassified)": 0.002961,
    "recall (without unclassified)": 0.923077,
    "accuracy": 0.009311,
    "specificity (with unclassified)": 0.928571,
    "NPV": 0.962963,
    "F1": 0.888889,
    "TP": 12.0,
    "FP": 2.0,
    "TN": 26.0,
    "FN": 1.0,
    "unclassified": 4040.0,
    "total": 4081.0
}