{
    "precision": 0.633803,
    "recall (with unclassified)": 0.006729,
    "recall (without unclassified)": 0.978261,
    "accuracy": 0.010095,
    "specificity (with unclassified)": 0.469388,
    "NPV": 0.958333,
    "F1": 0.769231,
    "TP": 45.0,
    "FP": 26.0,
    "TN": 23.0,
    "FN": 1.0,
    "unclassified": 6641.0,
    "total": 6736.0
}