{
    "precision": 0.753623,
    "recall (with unclassified)": 0.012849,
    "recall (without unclassified)": 0.962963,
    "accuracy": 0.016908,
    "specificity (with unclassified)": 0.5,
    "NPV": 0.894737,
    "F1": 0.845528,
    "TP": 52.0,
    "FP": 17.0,
    "TN": 17.0,
    "FN": 2.0,
    "unclassified": 3993.0,
    "total": 4081.0
}