{
    "precision": 0.666667,
    "recall (with unclassified)": 0.002011,
    "recall (without unclassified)": 0.026667,
    "accuracy": 0.51311,
    "specificity (with unclassified)": 0.999044,
    "NPV": 0.934705,
    "F1": 0.051282,
    "TP": 4.0,
    "FP": 2.0,
    "TN": 2090.0,
    "FN": 146.0,
    "unclassified": 1839.0,
    "total": 4081.0
}