{
    "precision": 0.5,
    "recall (with unclassified)": 0.000932,
    "recall (without unclassified)": 0.006579,
    "accuracy": 0.524169,
    "specificity (with unclassified)": 0.999154,
    "NPV": 0.886637,
    "F1": 0.012987,
    "TP": 1.0,
    "FP": 1.0,
    "TN": 1181.0,
    "FN": 151.0,
    "unclassified": 921.0,
    "total": 2255.0
}