{
    "precision": 0.666667,
    "recall (with unclassified)": 0.002011,
    "recall (without unclassified)": 0.026316,
    "accuracy": 0.51311,
    "specificity (with unclassified)": 0.999044,
    "NPV": 0.93387,
    "F1": 0.050633,
    "TP": 4.0,
    "FP": 2.0,
    "TN": 2090.0,
    "FN": 148.0,
    "unclassified": 1837.0,
    "total": 4081.0
}