{
    "precision": 0.75,
    "recall (with unclassified)": 0.00275,
    "recall (without unclassified)": 0.035714,
    "accuracy": 0.517073,
    "specificity (with unclassified)": 0.999141,
    "NPV": 0.934887,
    "F1": 0.068182,
    "TP": 3.0,
    "FP": 1.0,
    "TN": 1163.0,
    "FN": 81.0,
    "unclassified": 1007.0,
    "total": 2255.0
}