{
    "precision": 0.714286,
    "recall (with unclassified)": 0.002537,
    "recall (without unclassified)": 0.022727,
    "accuracy": 0.517765,
    "specificity (with unclassified)": 0.999052,
    "NPV": 0.907447,
    "F1": 0.044053,
    "TP": 5.0,
    "FP": 2.0,
    "TN": 2108.0,
    "FN": 215.0,
    "unclassified": 1751.0,
    "total": 4081.0
}