{
    "precision": 0.666667,
    "recall (with unclassified)": 0.001883,
    "recall (without unclassified)": 0.009009,
    "accuracy": 0.52949,
    "specificity (with unclassified)": 0.999162,
    "NPV": 0.844193,
    "F1": 0.017778,
    "TP": 2.0,
    "FP": 1.0,
    "TN": 1192.0,
    "FN": 220.0,
    "unclassified": 840.0,
    "total": 2255.0
}