{
    "precision": 0.666667,
    "recall (with unclassified)": 0.001843,
    "recall (without unclassified)": 0.018868,
    "accuracy": 0.51929,
    "specificity (with unclassified)": 0.999145,
    "NPV": 0.918303,
    "F1": 0.036697,
    "TP": 2.0,
    "FP": 1.0,
    "TN": 1169.0,
    "FN": 104.0,
    "unclassified": 979.0,
    "total": 2255.0
}