{
    "precision": 0.75,
    "recall (with unclassified)": 0.002775,
    "recall (without unclassified)": 0.024793,
    "accuracy": 0.521508,
    "specificity (with unclassified)": 0.999148,
    "NPV": 0.908598,
    "F1": 0.048,
    "TP": 3.0,
    "FP": 1.0,
    "TN": 1173.0,
    "FN": 118.0,
    "unclassified": 960.0,
    "total": 2255.0
}