{
    "precision": 1.0,
    "recall (with unclassified)": 0.001649,
    "recall (without unclassified)": 0.00726,
    "accuracy": 0.564047,
    "specificity (with unclassified)": 1.0,
    "NPV": 0.851197,
    "F1": 0.014414,
    "TP": 8.0,
    "FP": 0.0,
    "TN": 6258.0,
    "FN": 1094.0,
    "unclassified": 3749.0,
    "total": 11109.0
}