{
    "precision": 0.666667,
    "recall (with unclassified)": 0.009419,
    "recall (without unclassified)": 0.339623,
    "accuracy": 0.435273,
    "specificity (with unclassified)": 0.993823,
    "NPV": 0.976399,
    "F1": 0.45,
    "TP": 36.0,
    "FP": 18.0,
    "TN": 2896.0,
    "FN": 70.0,
    "unclassified": 3716.0,
    "total": 6736.0
}