{
    "precision": 0.461538,
    "recall (with unclassified)": 0.00207,
    "recall (without unclassified)": 0.148148,
    "accuracy": 0.477991,
    "specificity (with unclassified)": 0.997364,
    "NPV": 0.987144,
    "F1": 0.224299,
    "TP": 12.0,
    "FP": 14.0,
    "TN": 5298.0,
    "FN": 69.0,
    "unclassified": 5716.0,
    "total": 11109.0
}