{
    "precision": 0.583333,
    "recall (with unclassified)": 0.010654,
    "recall (without unclassified)": 0.933333,
    "accuracy": 0.419069,
    "specificity (with unclassified)": 0.989373,
    "NPV": 0.998927,
    "F1": 0.717949,
    "TP": 14.0,
    "FP": 10.0,
    "TN": 931.0,
    "FN": 1.0,
    "unclassified": 1299.0,
    "total": 2255.0
}