{
    "precision": 0.765625,
    "recall (with unclassified)": 0.020417,
    "recall (without unclassified)": 0.411765,
    "accuracy": 0.42024,
    "specificity (with unclassified)": 0.991077,
    "NPV": 0.959677,
    "F1": 0.535519,
    "TP": 49.0,
    "FP": 15.0,
    "TN": 1666.0,
    "FN": 70.0,
    "unclassified": 2281.0,
    "total": 4081.0
}