{
    "precision": 0.6,
    "recall (with unclassified)": 0.003124,
    "recall (without unclassified)": 0.128571,
    "accuracy": 0.481952,
    "specificity (with unclassified)": 0.997756,
    "NPV": 0.977647,
    "F1": 0.211765,
    "TP": 18.0,
    "FP": 12.0,
    "TN": 5336.0,
    "FN": 122.0,
    "unclassified": 5621.0,
    "total": 11109.0
}