{
    "precision": 0.421053,
    "recall (with unclassified)": 0.001372,
    "recall (without unclassified)": 0.258065,
    "accuracy": 0.47502,
    "specificity (with unclassified)": 0.997917,
    "NPV": 0.995654,
    "F1": 0.32,
    "TP": 8.0,
    "FP": 11.0,
    "TN": 5269.0,
    "FN": 23.0,
    "unclassified": 5798.0,
    "total": 11109.0
}