{
    "precision": 0.833333,
    "recall (with unclassified)": 0.001229,
    "recall (without unclassified)": 0.555556,
    "accuracy": 0.004166,
    "specificity (with unclassified)": 0.923077,
    "NPV": 0.75,
    "F1": 0.666667,
    "TP": 5.0,
    "FP": 1.0,
    "TN": 12.0,
    "FN": 4.0,
    "unclassified": 4059.0,
    "total": 4081.0
}