{
    "precision": 0.769231,
    "recall (with unclassified)": 0.002467,
    "recall (without unclassified)": 0.625,
    "accuracy": 0.008576,
    "specificity (with unclassified)": 0.892857,
    "NPV": 0.806452,
    "F1": 0.689655,
    "TP": 10.0,
    "FP": 3.0,
    "TN": 25.0,
    "FN": 6.0,
    "unclassified": 4037.0,
    "total": 4081.0
}