{
    "precision": 0.857143,
    "recall (with unclassified)": 0.001477,
    "recall (without unclassified)": 0.6,
    "accuracy": 0.005636,
    "specificity (with unclassified)": 0.944444,
    "NPV": 0.809524,
    "F1": 0.705882,
    "TP": 6.0,
    "FP": 1.0,
    "TN": 17.0,
    "FN": 4.0,
    "unclassified": 4053.0,
    "total": 4081.0
}