{
    "precision": 0.916667,
    "recall (with unclassified)": 0.002008,
    "recall (without unclassified)": 0.594595,
    "accuracy": 0.015483,
    "specificity (with unclassified)": 0.986842,
    "NPV": 0.909091,
    "F1": 0.721311,
    "TP": 22.0,
    "FP": 2.0,
    "TN": 150.0,
    "FN": 15.0,
    "unclassified": 10920.0,
    "total": 11109.0
}