{
    "threshold": 0.5,
    "alpha": 1,
    "beta": 2,
    "actual_coverage": 0.293067,
    "goods": [
        "1030",
        "125200",
        "5075622",
        "278304",
        "121014",
        "941727",
        "1632479",
        "2950469",
        "281559",
        "594965",
        "1339318",
        "894111",
        "2870913",
        "2798740",
        "4180599",
        "2090812",
        "112413",
        "1286968",
        "3859190",
        "1397493",
        "91277",
        "3065276",
        "761108",
        "2610338",
        "56925",
        "856606",
        "389024",
        "249137",
        "3027595",
        "1809884",
        "726820",
        "2176538",
        "1562705",
        "3385649",
        "1437987",
        "1303652",
        "964813",
        "1745854",
        "2146775",
        "245792",
        "3499618",
        "328441",
        "2117214",
        "679920",
        "1688271",
        "1367855",
        "2342783",
        "892666",
        "3023629",
        "2035732",
        "54355",
        "1819579",
        "473536",
        "78466",
        "1050",
        "172479",
        "1816136",
        "96427",
        "216659",
        "93914",
        "396434",
        "2893301",
        "533879",
        "125629",
        "295839",
        "1775897",
        "371962",
        "2137540",
        "68836",
        "142295",
        "1947262",
        "2436970",
        "1985421",
        "1125042",
        "188070",
        "3253740",
        "1001450",
        "2120603",
        "2220355",
        "103969",
        "28304",
        "86484",
        "62416",
        "24839",
        "617883",
        "2680276",
        "49519",
        "238346",
        "328196",
        "44219",
        "2364739",
        "1457370",
        "1049170",
        "115366",
        "1594166",
        "321188",
        "79569",
        "38336",
        "729447",
        "2395372",
        "2647741",
        "68492",
        "161338",
        "145226",
        "3093977",
        "738697",
        "50720",
        "163510",
        "1775656",
        "3800311",
        "49558",
        "1329626",
        "4437311",
        "628118",
        "87274"
    ],
    "adopters": 338,
    "adoptions": [
        0.000307,
        0.005208,
        0.333333,
        0.2,
        0.017391,
        0.2,
        0.2,
        0.333333,
        0.003831,
        0.333333,
        0.166667,
        0.333333,
        0.5,
        0.25,
        0.333333,
        1,
        0.028571,
        0.111111,
        0.333333,
        0.25,
        0.008403,
        0.5,
        0.045455,
        1,
        0.076923,
        1,
        0.5,
        0.066667,
        0.5,
        0.25,
        0.037037,
        0.333333,
        0.2,
        0.333333,
        0.25,
        0.25,
        0.5,
        0.166667,
        0.5,
        0.005319,
        0.5,
        0.017544,
        1,
        0.071429,
        0.2,
        0.25,
        0.153846,
        0.5,
        1,
        0.5,
        0.001445,
        0.333333,
        0.083333,
        0.001475,
        0.009646,
        0.033333,
        0.333333,
        0.005435,
        0.004405,
        0.002564,
        0.125,
        1,
        0.2,
        1,
        0.25,
        1,
        0.076923,
        0.166667,
        0.001672,
        0.066667,
        0.25,
        0.25,
        0.5,
        0.333333,
        0.111111,
        0.25,
        0.5,
        0.166667,
        0.25,
        0.004303,
        0.006061,
        0.002033,
        0.002755,
        0.038462,
        0.071429,
        0.25,
        0.003344,
        0.011236,
        0.04,
        0.001812,
        0.166667,
        0.25,
        0.045455,
        0.0011,
        1,
        0.25,
        0.016949,
        0.1,
        0.027778,
        0.25,
        0.333333,
        0.004386,
        0.016949,
        0.013699,
        0.333333,
        0.5,
        0.017544,
        0.012048,
        0.5,
        0.5,
        0.027778,
        0.083333,
        0.25,
        0.025641,
        0.005525
    ]
}