{
    "threshold": 1.0,
    "alpha": 1,
    "beta": 3,
    "actual_coverage": 0.30042,
    "goods": [
        "1030",
        "125200",
        "5075622",
        "278304",
        "121014",
        "941727",
        "1632479",
        "2950469",
        "281559",
        "594965",
        "1339318",
        "2870913",
        "2090812",
        "1286968",
        "1397493",
        "91277",
        "3065276",
        "761108",
        "2610338",
        "856606",
        "389024",
        "3385649",
        "1437987",
        "1303652",
        "1745854",
        "2146775",
        "1688271",
        "1367855",
        "892666",
        "1819579",
        "473536",
        "1050",
        "172479",
        "1816136",
        "96427",
        "216659",
        "408469",
        "93914",
        "396434",
        "2893301",
        "533879",
        "125629",
        "295839",
        "1775897",
        "2137540",
        "68836",
        "1947262",
        "2436970",
        "2220355",
        "103969",
        "86484",
        "617883",
        "2680276",
        "328196",
        "44219",
        "2364739",
        "1049170",
        "115366",
        "79569",
        "729447",
        "2395372",
        "145226",
        "3093977",
        "738697",
        "163510",
        "1775656",
        "3800311",
        "1329626",
        "4437311",
        "628118"
    ],
    "adopters": 346,
    "adoptions": [
        0.000499,
        0.010309,
        0.5,
        1,
        0.029412,
        0.2,
        0.2,
        0.5,
        0.006135,
        0.333333,
        0.5,
        1,
        1,
        1,
        0.5,
        0.015873,
        1,
        1,
        1,
        1,
        0.5,
        1,
        1,
        0.5,
        0.5,
        1,
        0.25,
        0.25,
        0.5,
        0.5,
        0.142857,
        0.014925,
        0.125,
        1,
        0.006849,
        0.004785,
        1,
        0.006452,
        0.333333,
        1,
        0.25,
        1,
        0.5,
        1,
        0.25,
        0.004566,
        0.333333,
        0.25,
        0.333333,
        0.005141,
        0.022727,
        0.0625,
        0.333333,
        0.111111,
        0.005226,
        0.2,
        0.076923,
        0.001835,
        0.018519,
        0.05,
        0.5,
        0.019231,
        0.5,
        1,
        0.015152,
        0.5,
        1,
        0.111111,
        0.25,
        0.052632
    ]
}