{
    "precision": 0.782609,
    "recall (with unclassified)": 0.001636,
    "recall (without unclassified)": 0.9,
    "accuracy": 0.010802,
    "specificity (with unclassified)": 0.953271,
    "NPV": 0.980769,
    "F1": 0.837209,
    "TP": 18.0,
    "FP": 5.0,
    "TN": 102.0,
    "FN": 2.0,
    "unclassified": 10982.0,
    "total": 11109.0
}