{
    "precision": 0.717391,
    "recall (with unclassified)": 0.00494,
    "recall (without unclassified)": 0.970588,
    "accuracy": 0.011283,
    "specificity (with unclassified)": 0.767857,
    "NPV": 0.977273,
    "F1": 0.825,
    "TP": 33.0,
    "FP": 13.0,
    "TN": 43.0,
    "FN": 1.0,
    "unclassified": 6646.0,
    "total": 6736.0
}