{
    "precision": 0.75,
    "recall (with unclassified)": 0.007288,
    "recall (without unclassified)": 0.813559,
    "accuracy": 0.027019,
    "specificity (with unclassified)": 0.893333,
    "NPV": 0.924138,
    "F1": 0.780488,
    "TP": 48.0,
    "FP": 16.0,
    "TN": 134.0,
    "FN": 11.0,
    "unclassified": 6527.0,
    "total": 6736.0
}