{
    "threshold": 1.0,
    "alpha": 2,
    "beta": 1,
    "actual_coverage": 0.100316,
    "goods": [
        "1427696",
        "2032150",
        "272785",
        "1367855",
        "2715325",
        "2046196",
        "2002280",
        "1214668",
        "3403200",
        "807149",
        "502010",
        "2098613",
        "2736717",
        "2809537",
        "572191",
        "4679073",
        "1412305",
        "2860813",
        "123149",
        "2115996",
        "1450319",
        "2011264",
        "1160539",
        "1985421",
        "263364",
        "1131225",
        "2046129",
        "2047308",
        "2073344",
        "2674369",
        "2736692",
        "3125375",
        "3119981",
        "2154089",
        "3975873",
        "926277",
        "3118556",
        "1685347",
        "1914806",
        "547424",
        "820639",
        "1616077",
        "2137374",
        "2161221",
        "806950",
        "1135794",
        "1823201",
        "2046337",
        "2599842",
        "600809",
        "962136",
        "4147633",
        "3216223",
        "4339786",
        "629893",
        "1717695",
        "1957000",
        "2046238",
        "2168176",
        "2666552",
        "999393",
        "1105826",
        "1245956",
        "1443391",
        "1558855",
        "1915133",
        "3465467",
        "4316393",
        "4603765",
        "2161229",
        "2753894",
        "1095548",
        "1104306",
        "1790624",
        "2620829",
        "277114",
        "1112627",
        "1956828",
        "3183845",
        "3810488",
        "1103313",
        "2047528",
        "3365353",
        "4264599",
        "1428276",
        "1428913",
        "1773142",
        "1888769",
        "2601877",
        "3266837",
        "1116402",
        "1293465",
        "1505243",
        "1582651",
        "2022131",
        "3293947",
        "3975810",
        "5348338",
        "809686",
        "877791",
        "2936684",
        "1388033",
        "3204044",
        "3874056",
        "1134865",
        "2608449",
        "1257130",
        "1553602",
        "2161153",
        "2230518",
        "3844262",
        "4143799",
        "4686793",
        "4533810"
    ],
    "adopters": 22,
    "adoptions": [
        0.5,
        0.5,
        1,
        0.25,
        0.5,
        0.25,
        0.25,
        0.5,
        0.25,
        0.166667,
        0.5,
        1,
        0.333333,
        0.2,
        1,
        1,
        0.5,
        1,
        0.333333,
        0.333333,
        1,
        0.5,
        0.333333,
        1,
        1,
        1,
        0.333333,
        0.5,
        1,
        1,
        0.25,
        1,
        0.25,
        0.333333,
        0.5,
        0.166667,
        1,
        0.333333,
        0.5,
        0.2,
        0.5,
        0.25,
        0.333333,
        0.5,
        0.5,
        0.333333,
        0.333333,
        0.5,
        1,
        1,
        0.25,
        0.333333,
        1,
        0.333333,
        0.333333,
        1,
        1,
        1,
        1,
        0.333333,
        0.166667,
        1,
        0.2,
        0.5,
        0.333333,
        1,
        1,
        1,
        0.5,
        1,
        1,
        1,
        0.5,
        0.5,
        0.5,
        0.5,
        1,
        1,
        1,
        0.333333,
        1,
        0.5,
        0.5,
        0.5,
        0.25,
        1,
        0.5,
        1,
        1,
        0.333333,
        1,
        0.333333,
        0.5,
        0.333333,
        0.5,
        0.25,
        0.25,
        1,
        0.5,
        1,
        1,
        0.5,
        0.5,
        0.5,
        1,
        0.5,
        0.5,
        1,
        1,
        1,
        0.5,
        0.5,
        1,
        0.333333
    ]
}