{
    "precision": 0.714286,
    "recall (with unclassified)": 0.014993,
    "recall (without unclassified)": 0.869565,
    "accuracy": 0.413747,
    "specificity (with unclassified)": 0.991314,
    "NPV": 0.996725,
    "F1": 0.784314,
    "TP": 20.0,
    "FP": 8.0,
    "TN": 913.0,
    "FN": 3.0,
    "unclassified": 1311.0,
    "total": 2255.0
}