{
    "precision": 0.675676,
    "recall (with unclassified)": 0.010382,
    "recall (without unclassified)": 0.757576,
    "accuracy": 0.413134,
    "specificity (with unclassified)": 0.992827,
    "NPV": 0.995207,
    "F1": 0.714286,
    "TP": 25.0,
    "FP": 12.0,
    "TN": 1661.0,
    "FN": 8.0,
    "unclassified": 2375.0,
    "total": 4081.0
}