{
    "precision": 0.384615,
    "recall (with unclassified)": 0.008865,
    "recall (without unclassified)": 0.833333,
    "accuracy": 0.461538,
    "specificity (with unclassified)": 0.98364,
    "NPV": 0.997925,
    "F1": 0.526316,
    "TP": 5.0,
    "FP": 8.0,
    "TN": 481.0,
    "FN": 1.0,
    "unclassified": 558.0,
    "total": 1053.0
}