{
    "precision": 0.694444,
    "recall (with unclassified)": 0.010373,
    "recall (without unclassified)": 0.833333,
    "accuracy": 0.412889,
    "specificity (with unclassified)": 0.993417,
    "NPV": 0.996997,
    "F1": 0.757576,
    "TP": 25.0,
    "FP": 11.0,
    "TN": 1660.0,
    "FN": 5.0,
    "unclassified": 2380.0,
    "total": 4081.0
}