{
    "precision": 0.689655,
    "recall (with unclassified)": 0.015026,
    "recall (without unclassified)": 0.8,
    "accuracy": 0.414634,
    "specificity (with unclassified)": 0.99026,
    "NPV": 0.994565,
    "F1": 0.740741,
    "TP": 20.0,
    "FP": 9.0,
    "TN": 915.0,
    "FN": 5.0,
    "unclassified": 1306.0,
    "total": 2255.0
}