{
    "precision": 0.809524,
    "recall (with unclassified)": 0.021601,
    "recall (without unclassified)": 0.161392,
    "accuracy": 0.431022,
    "specificity (with unclassified)": 0.993023,
    "NPV": 0.865687,
    "F1": 0.269129,
    "TP": 51.0,
    "FP": 12.0,
    "TN": 1708.0,
    "FN": 265.0,
    "unclassified": 2045.0,
    "total": 4081.0
}