{
    "precision": 0.714286,
    "recall (with unclassified)": 0.015094,
    "recall (without unclassified)": 0.526316,
    "accuracy": 0.417738,
    "specificity (with unclassified)": 0.991398,
    "NPV": 0.980851,
    "F1": 0.606061,
    "TP": 20.0,
    "FP": 8.0,
    "TN": 922.0,
    "FN": 18.0,
    "unclassified": 1287.0,
    "total": 2255.0
}