{
    "precision": 0.694444,
    "recall (with unclassified)": 0.010378,
    "recall (without unclassified)": 0.833333,
    "accuracy": 0.413134,
    "specificity (with unclassified)": 0.993421,
    "NPV": 0.996999,
    "F1": 0.757576,
    "TP": 25.0,
    "FP": 11.0,
    "TN": 1661.0,
    "FN": 5.0,
    "unclassified": 2379.0,
    "total": 4081.0
}