{
    "precision": 0.784314,
    "recall (with unclassified)": 0.016771,
    "recall (without unclassified)": 0.325203,
    "accuracy": 0.422691,
    "specificity (with unclassified)": 0.993514,
    "NPV": 0.953054,
    "F1": 0.45977,
    "TP": 40.0,
    "FP": 11.0,
    "TN": 1685.0,
    "FN": 83.0,
    "unclassified": 2262.0,
    "total": 4081.0
}