{
    "precision": 0.384615,
    "recall (with unclassified)": 0.008897,
    "recall (without unclassified)": 0.833333,
    "accuracy": 0.463438,
    "specificity (with unclassified)": 0.983707,
    "NPV": 0.997934,
    "F1": 0.526316,
    "TP": 5.0,
    "FP": 8.0,
    "TN": 483.0,
    "FN": 1.0,
    "unclassified": 556.0,
    "total": 1053.0
}