{
    "threshold": 1.0,
    "alpha": 1,
    "beta": 1,
    "actual_coverage": 0.102121,
    "goods": [
        "471333",
        "827006",
        "502010",
        "1450319",
        "2032150",
        "700995",
        "272785",
        "1278826",
        "123149",
        "2736692",
        "770888",
        "600809",
        "1065795",
        "3125375",
        "435407",
        "926277",
        "2002280",
        "2217084",
        "2715325",
        "919765",
        "962136",
        "1214668",
        "629893",
        "1616077",
        "1985421",
        "2736717",
        "277114",
        "1685347",
        "1717695",
        "691578",
        "999393",
        "1428276",
        "1577668",
        "1823201",
        "1915133",
        "2047308",
        "2620829",
        "2708357",
        "2809537",
        "4147633",
        "427518",
        "572191",
        "1095548",
        "1104306",
        "1428913",
        "1505243",
        "1914806",
        "2047528",
        "2073344",
        "2161221",
        "2632653",
        "2674369",
        "3119981",
        "3810488",
        "263345",
        "263364",
        "453402",
        "1135794",
        "1293465",
        "1402636",
        "1443391",
        "1553602",
        "1790624",
        "2022131",
        "2115996",
        "2154089",
        "2161229",
        "2599842",
        "2601877",
        "2860813",
        "3183845",
        "3266837",
        "3418382",
        "3844262",
        "3975873",
        "453417",
        "689399",
        "877791",
        "1103313",
        "1112627",
        "1116402",
        "1134865",
        "1257130",
        "1558855",
        "1582651",
        "1643917",
        "1773142",
        "1888769",
        "2011264",
        "2098613",
        "2137374",
        "2161153",
        "2166297",
        "2168176",
        "2230518",
        "2502483",
        "2608449",
        "2679374",
        "2790849",
        "2936684",
        "3118556",
        "3204044",
        "3293947",
        "3365353",
        "3403200",
        "3465467",
        "3493955",
        "3874056",
        "3975810",
        "4143799",
        "4180599",
        "4264599",
        "4316393",
        "4339786",
        "4533810",
        "4603765",
        "4679073",
        "4686793",
        "5348338"
    ],
    "adopters": 26,
    "adoptions": [
        0.25,
        0.066667,
        0.5,
        1,
        0.5,
        0.5,
        1,
        1,
        0.333333,
        0.25,
        0.2,
        1,
        1,
        1,
        0.333333,
        0.166667,
        0.25,
        0.25,
        0.5,
        0.25,
        0.25,
        0.5,
        0.333333,
        0.25,
        1,
        0.333333,
        0.5,
        0.333333,
        1,
        0.5,
        0.166667,
        0.25,
        0.5,
        0.333333,
        1,
        0.5,
        0.5,
        1,
        0.2,
        0.333333,
        0.333333,
        1,
        1,
        0.25,
        1,
        0.5,
        0.5,
        0.5,
        1,
        0.5,
        1,
        1,
        0.25,
        0.333333,
        0.333333,
        1,
        1,
        0.333333,
        0.333333,
        1,
        0.5,
        1,
        0.5,
        0.5,
        0.333333,
        0.333333,
        1,
        1,
        1,
        1,
        1,
        0.333333,
        1,
        0.5,
        0.5,
        1,
        0.5,
        1,
        1,
        1,
        1,
        1,
        0.5,
        0.333333,
        0.333333,
        0.5,
        0.5,
        1,
        0.5,
        1,
        0.333333,
        1,
        1,
        1,
        1,
        0.333333,
        0.5,
        0.5,
        1,
        1,
        1,
        0.5,
        0.25,
        0.5,
        0.25,
        1,
        0.5,
        0.5,
        0.25,
        0.5,
        1,
        0.5,
        1,
        0.333333,
        0.333333,
        0.5,
        1,
        1,
        1
    ]
}