{
    "precision": 0.521739,
    "recall (with unclassified)": 0.001089,
    "recall (without unclassified)": 0.857143,
    "accuracy": 0.008192,
    "specificity (with unclassified)": 0.877778,
    "NPV": 0.975309,
    "F1": 0.648649,
    "TP": 12.0,
    "FP": 11.0,
    "TN": 79.0,
    "FN": 2.0,
    "unclassified": 11005.0,
    "total": 11109.0
}