{
    "precision": 0.434783,
    "recall (with unclassified)": 0.000906,
    "recall (without unclassified)": 0.833333,
    "accuracy": 0.006661,
    "specificity (with unclassified)": 0.831169,
    "NPV": 0.969697,
    "F1": 0.571429,
    "TP": 10.0,
    "FP": 13.0,
    "TN": 64.0,
    "FN": 2.0,
    "unclassified": 11020.0,
    "total": 11109.0
}