{
    "precision": 0.791667,
    "recall (with unclassified)": 0.014183,
    "recall (without unclassified)": 0.934426,
    "accuracy": 0.025484,
    "specificity (with unclassified)": 0.758065,
    "NPV": 0.921569,
    "F1": 0.857143,
    "TP": 57.0,
    "FP": 15.0,
    "TN": 47.0,
    "FN": 4.0,
    "unclassified": 3958.0,
    "total": 4081.0
}