{
    "precision": 0.755556,
    "recall (with unclassified)": 0.015288,
    "recall (without unclassified)": 0.944444,
    "accuracy": 0.023947,
    "specificity (with unclassified)": 0.645161,
    "NPV": 0.909091,
    "F1": 0.839506,
    "TP": 34.0,
    "FP": 11.0,
    "TN": 20.0,
    "FN": 2.0,
    "unclassified": 2188.0,
    "total": 2255.0
}